{"cameraMode":{"drawMode":0,"name":"Shaded","section":"Shading Mode"},"sceneLighting":false,"audioPlay":false,"sceneViewState":{"showFog":true,"showMaterialUpdate":true,"showSkybox":true,"showFlares":true,"showImageEffects":true,"showParticleSystems":true},"in2DMode":false,"pivot":{"x":-0.7793017625808716,"y":-4.427198886871338,"z":2.9046883583068849},"rotation":{"x":0.39812490344047549,"y":0.013536525890231133,"z":-0.005874840542674065,"w":0.9172125458717346},"size":15.917675018310547,"orthographic":false}