{"cameraMode":{"drawMode":0,"name":"Shaded","section":"Shading Mode"},"sceneLighting":false,"audioPlay":false,"sceneViewState":{"showFog":true,"showMaterialUpdate":true,"showSkybox":true,"showFlares":true,"showImageEffects":true,"showParticleSystems":true},"in2DMode":false,"pivot":{"x":593.0254516601563,"y":309.68548583984377,"z":0.01434326171875},"rotation":{"x":0.0030217391904443504,"y":0.003965951036661863,"z":0.0003716404316946864,"w":1.0001672506332398},"size":1014.275390625,"orthographic":false}