{"cameraMode":{"drawMode":0,"name":"Shaded","section":"Shading Mode"},"sceneLighting":false,"audioPlay":false,"sceneViewState":{"showFog":true,"showMaterialUpdate":true,"showSkybox":true,"showFlares":true,"showImageEffects":true,"showParticleSystems":true},"in2DMode":false,"pivot":{"x":613.2891235351563,"y":351.83172607421877,"z":-254.05841064453126},"rotation":{"x":0.05250135064125061,"y":-0.006508409045636654,"z":0.0007138216169551015,"w":0.9987785816192627},"size":932.3236083984375,"orthographic":false}